id,first_name,last_name,email,gender,digits,ip_address
1,Ulrikaumeko,Nevet,unevet0@feedburner.com,Female,5582,235.180.95.226
2,Reinaldo,Sargerson,rsargerson1@miibeian.gov.cn,Male,8502,90.162.34.54
3,Genevra,Briscam,gbriscam2@networksolutions.com,Female,1774,180.143.167.233
4,Marquita,Matuszinski,mmatuszinski3@wordpress.com,Female,7512,134.52.171.130
5,Broddy,Konerding,bkonerding4@cmu.edu,Male,1233,61.157.89.144
6,Yulma,Beverstock,ybeverstock5@skyrock.com,Male,9551,243.140.3.247
7,Rodrique,Oldacres,roldacres6@netlog.com,Male,5050,73.47.189.75
8,Laughton,Cordingly,lcordingly7@cornell.edu,Male,5864,19.27.212.180
9,Bonnie,Boost,bboost8@de.vu,Female,9209,32.168.9.33
10,Maia,Goulter,mgoulter9@is.gd,Female,1471,229.78.152.50
11,Annora,Mottershead,amottersheada@cdc.gov,Female,4809,62.135.157.128
12,Minerva,Swalteridge,mswalteridgeb@ucsd.edu,Female,4010,67.254.206.219
13,Clayborne,Chiplen,cchiplenc@berkeley.edu,Male,8252,200.125.74.108
14,Glenden,Hendrich,ghendrichd@xrea.com,Male,7818,171.23.74.49
15,Hayward,Kilgour,hkilgoure@uiuc.edu,Male,2487,49.62.144.7
16,Tabitha,Pietersen,tpietersenf@edublogs.org,Female,4370,151.233.139.110
17,Bronson,Yonge,byongeg@cdbaby.com,Male,1414,160.133.253.102
18,Harv,Husselbee,hhusselbeeh@house.gov,Male,2973,252.17.22.206
19,Hershel,Chatelain,hchatelaini@google.nl,Male,5701,153.47.227.161
20,Delora,Cary,dcaryj@house.gov,Female,7277,172.193.199.12
21,Petra,Eberle,peberlek@slashdot.org,Female,2300,252.67.101.133
22,Alia,Hawkett,ahawkettl@github.io,Female,2937,170.252.115.232
23,Robinet,Gingel,rgingelm@reference.com,Male,1748,235.193.73.155
24,Nadiya,Hillett,nhillettn@mail.ru,Female,8052,76.101.200.44
25,Gaby,Shrieve,gshrieveo@123-reg.co.uk,Female,5734,206.130.81.239
26,Valentia,Hatchard,vhatchardp@diigo.com,Female,9355,138.187.224.143
27,Merridie,McMonnies,mmcmonniesq@issuu.com,Female,3862,249.188.34.111
28,Charissa,Pumphrey,cpumphreyr@lulu.com,Female,8460,177.31.99.24
29,Monique,Vedeshkin,mvedeshkins@desdev.cn,Female,2117,29.251.161.239
30,Rollin,McClenan,rmcclenant@ifeng.com,Male,4530,34.100.103.29
31,Adele,Aspinal,aaspinalu@i2i.jp,Female,5551,108.219.114.144
32,Phylis,MacWhirter,pmacwhirterv@slashdot.org,Female,5858,159.136.54.114
33,Elisabetta,Easen,eeasenw@google.ca,Female,5687,248.94.187.96
34,Lorita,Malpass,lmalpassx@edublogs.org,Female,1581,52.157.252.198
35,Innis,Stearn,istearny@dagondesign.com,Male,8885,247.110.149.245
36,Marysa,Gibbs,mgibbsz@bluehost.com,Female,7619,53.63.52.4
37,Wini,Rays,wrays10@lycos.com,Female,9950,92.30.217.27
38,Delilah,Campagne,dcampagne11@sourceforge.net,Female,0433,252.32.31.67
39,Brooke,Hattrick,bhattrick12@marketwatch.com,Female,6232,151.172.105.174
40,Allyn,Brewer,abrewer13@biglobe.ne.jp,Female,2806,85.77.237.159
41,Abran,Cervantes,acervantes14@com.com,Male,2446,86.17.98.230
42,Hugh,Pexton,hpexton15@apple.com,Male,0070,65.91.139.187
43,Townie,Grinval,tgrinval16@abc.net.au,Male,5038,126.172.218.125
44,Gerri,Harower,gharower17@bloomberg.com,Female,1656,110.89.88.94
45,Junina,Favela,jfavela18@blinklist.com,Female,6635,200.184.39.229
46,Shepperd,Ducket,sducket19@blinklist.com,Male,8485,122.37.189.46
47,Harmony,Culpen,hculpen1a@sitemeter.com,Female,1102,169.13.195.104
48,Somerset,Perche,sperche1b@independent.co.uk,Male,5933,116.159.235.107
49,Bondy,St. Aubyn,bstaubyn1c@timesonline.co.uk,Male,2489,196.185.27.255
50,Kiersten,Beceril,kbeceril1d@mac.com,Female,8698,125.209.77.139
51,Ondrea,Woliter,owoliter1e@theatlantic.com,Female,1724,9.129.110.137
52,Prince,Northing,pnorthing1f@china.com.cn,Male,0140,127.163.194.28
53,Isac,Salisbury,isalisbury1g@theatlantic.com,Male,8066,28.178.54.2
54,Christiane,Wharlton,cwharlton1h@behance.net,Female,8104,214.164.155.96
55,Lurline,Denyakin,ldenyakin1i@pagesperso-orange.fr,Female,9119,144.174.243.206
56,Janeva,Georgescu,jgeorgescu1j@mashable.com,Female,4922,44.154.27.91
57,Maryjo,Dondon,mdondon1k@people.com.cn,Female,6616,121.122.223.231
58,Gil,Joules,gjoules1l@360.cn,Male,4314,133.239.199.38
59,Rogers,Sommersett,rsommersett1m@bandcamp.com,Male,7889,230.96.99.80
60,Gery,Kunzler,gkunzler1n@delicious.com,Male,1303,246.52.234.187
61,Gabie,Edlyne,gedlyne1o@tinypic.com,Male,2373,102.18.78.199
62,Melisandra,Gonsalvez,mgonsalvez1p@adobe.com,Female,3022,6.222.81.13
63,Lesly,Eriksson,leriksson1q@cafepress.com,Female,3795,67.144.187.82
64,Nevin,Keane,nkeane1r@so-net.ne.jp,Male,0948,221.146.206.26
65,Axel,Dearden,adearden1s@deliciousdays.com,Male,0940,56.163.102.79
66,Maisie,Rysdale,mrysdale1t@last.fm,Female,5969,180.193.116.65
67,Rochelle,Wolfenden,rwolfenden1u@census.gov,Female,6169,159.178.57.122
68,Darlene,Saylor,dsaylor1v@mozilla.org,Female,0061,237.214.193.10
69,Curran,Iashvili,ciashvili1w@blogs.com,Male,6622,86.197.99.249
70,Paloma,Giotto,pgiotto1x@jalbum.net,Female,0017,248.11.115.46
71,Gwenette,Kinvig,gkinvig1y@bing.com,Female,4904,242.236.182.49
72,Joly,Savege,jsavege1z@spiegel.de,Female,9971,42.75.0.77
73,Neil,Tender,ntender20@is.gd,Male,6338,67.165.140.16
74,Rosamond,Spradbery,rspradbery21@fotki.com,Female,1099,139.150.44.62
75,Darwin,Toopin,dtoopin22@loc.gov,Male,7564,144.187.203.87
76,Clarke,Scoggans,cscoggans23@jalbum.net,Male,7605,70.186.199.17
77,Kingsley,Antonchik,kantonchik24@nationalgeographic.com,Male,8809,69.116.47.60
78,Denver,Whitelaw,dwhitelaw25@salon.com,Male,6012,182.87.92.185
79,Elfrida,Vaszoly,evaszoly26@economist.com,Female,1730,135.90.164.250
80,Ede,Salway,esalway27@wordpress.com,Female,6457,187.219.251.215
81,Lainey,Hoolaghan,lhoolaghan28@newsvine.com,Female,5329,60.255.69.226
82,Audie,Clement,aclement29@dot.gov,Female,6967,88.46.113.13
83,Nicol,Simonyi,nsimonyi2a@vimeo.com,Female,8746,204.7.228.51
84,Mic,Schurig,mschurig2b@aol.com,Male,3676,125.136.51.225
85,Sly,Grenter,sgrenter2c@webeden.co.uk,Male,7459,10.215.229.52
86,Fulton,Strapp,fstrapp2d@sun.com,Male,0851,42.166.13.72
87,Minna,Sweetlove,msweetlove2e@dmoz.org,Female,5905,10.72.100.64
88,Lorin,Creavin,lcreavin2f@slashdot.org,Male,6662,104.168.73.143
89,Baron,Headley,bheadley2g@nifty.com,Male,9062,129.239.152.253
90,Rosanne,Slucock,rslucock2h@g.co,Female,4574,102.191.211.24
91,Kellyann,de Juares,kdejuares2i@msn.com,Female,1369,6.129.145.53
92,Hadlee,Poore,hpoore2j@webeden.co.uk,Male,0017,18.4.70.239
93,Arv,Woodwing,awoodwing2k@youku.com,Male,5487,78.53.168.201
94,Patin,Valiant,pvaliant2l@mit.edu,Male,9395,225.158.109.155
95,Camellia,Chiene,cchiene2m@europa.eu,Female,6934,26.107.200.178
96,Evie,Haestier,ehaestier2n@bluehost.com,Female,2951,158.167.30.97
97,Chicky,Flitcroft,cflitcroft2o@wufoo.com,Male,2517,219.164.244.216
98,Luella,Conlaund,lconlaund2p@economist.com,Female,6552,188.183.82.195
99,Ambrosius,Roden,aroden2q@dagondesign.com,Male,5483,131.97.147.9
100,Lizette,Cormode,lcormode2r@weebly.com,Female,4742,201.97.92.179
101,Sebastiano,Brophy,sbrophy2s@qq.com,Male,7074,199.118.98.240
102,Freddy,Pellatt,fpellatt2t@google.it,Male,7095,13.202.18.5
103,Reider,Scutter,rscutter2u@photobucket.com,Male,5206,108.103.145.58
104,Gaby,Lefever,glefever2v@lycos.com,Female,0046,194.50.210.81
105,Roselia,Sponer,rsponer2w@deliciousdays.com,Female,6863,13.200.166.204
106,Charil,Hellen,chellen2x@shinystat.com,Female,9922,211.175.218.190
107,Neila,Hurdiss,nhurdiss2y@deviantart.com,Female,1326,7.120.5.8
108,Noelle,Gask,ngask2z@wp.com,Female,3574,250.229.103.146
109,Zacherie,Edess,zedess30@360.cn,Male,9432,99.98.253.231
110,Edee,Shurmer,eshurmer31@eventbrite.com,Female,5901,248.219.113.77
111,Adiana,O'Grady,aogrady32@ask.com,Female,4794,136.63.109.104
112,Claudio,Bagshaw,cbagshaw33@1688.com,Male,9835,245.71.223.156
113,Idalina,Rooson,irooson34@miitbeian.gov.cn,Female,5342,68.173.128.76
114,Jenni,Neising,jneising35@1688.com,Female,3716,29.129.253.177
115,Patrica,Ambler,pambler36@slashdot.org,Female,4654,75.141.54.95
116,Kissiah,Sturzaker,ksturzaker37@mediafire.com,Female,6131,167.253.23.0
117,Gaspard,Brennen,gbrennen38@examiner.com,Male,3624,249.248.60.148
118,Denna,Oldknowe,doldknowe39@exblog.jp,Female,5610,22.8.95.217
119,Frants,Koche,fkoche3a@ihg.com,Male,9187,16.220.29.219
120,Lesli,Frapwell,lfrapwell3b@biglobe.ne.jp,Female,5939,57.18.69.14
121,Madella,Killford,mkillford3c@toplist.cz,Female,2376,94.93.239.76
122,Lynn,Brugh,lbrugh3d@springer.com,Male,4711,59.60.242.21
123,Cicily,Crunkhurn,ccrunkhurn3e@dmoz.org,Female,0347,172.60.99.129
124,Lothario,Dominiak,ldominiak3f@histats.com,Male,2092,90.94.62.1
125,Mason,Vellden,mvellden3g@reddit.com,Male,2921,123.87.177.20
126,Ora,Gozzett,ogozzett3h@gravatar.com,Female,1640,78.204.242.152
127,Becki,Deaconson,bdeaconson3i@illinois.edu,Female,5866,91.18.136.196
128,Mendy,Wermerling,mwermerling3j@umich.edu,Male,5757,181.107.132.52
129,Hailee,Bangiard,hbangiard3k@hexun.com,Female,4248,110.68.124.82
130,Edgard,Westphal,ewestphal3l@newsvine.com,Male,0267,15.213.202.23
131,Ofilia,Jarrold,ojarrold3m@1und1.de,Female,3182,69.67.184.109
132,Sigismondo,Hitzke,shitzke3n@e-recht24.de,Male,2598,174.178.150.174
133,Christophe,Iveagh,civeagh3o@bravesites.com,Male,3493,193.110.20.250
134,Yolane,Arch,yarch3p@netlog.com,Female,6954,15.67.138.87
135,Baldwin,Pady,bpady3q@omniture.com,Male,5785,227.99.182.104
136,Cly,Kedslie,ckedslie3r@google.fr,Male,6494,184.168.91.140
137,Hershel,Millgate,hmillgate3s@rediff.com,Male,9792,0.34.131.172
138,Nehemiah,Pedrazzi,npedrazzi3t@multiply.com,Male,8654,68.252.10.29
139,Bondon,Petrasch,bpetrasch3u@wordpress.org,Male,0849,229.110.95.69
140,Woodrow,Keeltagh,wkeeltagh3v@boston.com,Male,4091,195.247.127.163
141,Rubin,Keuneke,rkeuneke3w@accuweather.com,Male,4215,87.118.60.44
142,Jule,Westell,jwestell3x@typepad.com,Male,7458,66.209.167.82
143,Cirstoforo,Corbridge,ccorbridge3y@usa.gov,Male,9424,55.126.124.88
144,Tallie,Naldrett,tnaldrett3z@google.co.jp,Female,1374,230.209.77.35
145,Ingaberg,Hendrix,ihendrix40@toplist.cz,Female,4496,74.255.66.100
146,Jaclyn,Youster,jyouster41@yolasite.com,Female,8760,193.94.205.65
147,Evaleen,Arboin,earboin42@comsenz.com,Female,7611,255.183.213.95
148,Jacki,Fransinelli,jfransinelli43@ed.gov,Female,7451,112.131.116.77
149,Ravid,Botterell,rbotterell44@mediafire.com,Male,3613,171.129.13.202
150,Costa,Runnalls,crunnalls45@marriott.com,Male,0597,157.120.77.92
151,Finlay,Ebanks,febanks46@blinklist.com,Male,1328,6.136.238.222
152,Jamal,Calyton,jcalyton47@symantec.com,Male,2991,161.228.97.28
153,Bird,Iggalden,biggalden48@meetup.com,Female,1546,37.36.195.141
154,Gianina,Faucett,gfaucett49@prweb.com,Female,4459,188.123.38.78
155,Berthe,Stawell,bstawell4a@multiply.com,Female,9990,227.28.77.146
156,Loreen,Mayze,lmayze4b@constantcontact.com,Female,2240,13.73.4.111
157,Minnnie,Giddens,mgiddens4c@wisc.edu,Female,6671,100.86.168.67
158,Aluin,Strudwick,astrudwick4d@netlog.com,Male,9824,62.65.73.28
159,Mab,Cuddehay,mcuddehay4e@usatoday.com,Female,2568,210.28.216.76
160,Angelia,Cloughton,acloughton4f@bigcartel.com,Female,8517,50.173.63.234
161,Gael,Rist,grist4g@uiuc.edu,Male,7819,76.155.150.34
162,Zach,Bevens,zbevens4h@privacy.gov.au,Male,2886,59.144.84.107
163,Gayelord,Arnaudon,garnaudon4i@usnews.com,Male,2684,134.134.22.60
164,Nicola,Dockerty,ndockerty4j@spiegel.de,Male,9606,40.194.77.20
165,Granny,Ayre,gayre4k@unblog.fr,Male,5167,123.239.237.245
166,Jarrad,Thornbarrow,jthornbarrow4l@msu.edu,Male,8436,167.86.215.147
167,Carey,Woolis,cwoolis4m@plala.or.jp,Male,1976,228.152.124.144
168,Keene,Bullivent,kbullivent4n@youku.com,Male,4205,85.205.62.42
169,Fania,Friedlos,ffriedlos4o@wp.com,Female,2478,89.0.60.46
170,Hardy,Fulker,hfulker4p@livejournal.com,Male,8232,237.114.36.149
171,Thia,Josefsson,tjosefsson4q@intel.com,Female,5306,108.122.207.8
172,Stu,Featonby,sfeatonby4r@nifty.com,Male,2950,79.183.46.204
173,Edmund,Cheson,echeson4s@google.com,Male,2779,149.188.152.239
174,Nolly,Elen,nelen4t@opera.com,Male,9841,221.18.49.130
175,Laurie,Newark,lnewark4u@gov.uk,Female,4953,113.241.225.143
176,Arden,Goult,agoult4v@redcross.org,Female,7824,61.202.96.106
177,Kinnie,Rulton,krulton4w@apache.org,Male,7514,83.83.135.127
178,Rosco,Godber,rgodber4x@ucla.edu,Male,9470,69.177.252.166
179,Franny,Jedrzejewicz,fjedrzejewicz4y@g.co,Female,7988,77.18.114.192
180,Aurelie,Macconaghy,amacconaghy4z@cisco.com,Female,2491,74.127.172.229
181,Golda,Rock,grock50@a8.net,Female,2464,24.62.53.13
182,Sophia,Klauer,sklauer51@smh.com.au,Female,8844,62.239.229.163
183,Renae,Aizikovitz,raizikovitz52@yellowbook.com,Female,6054,232.198.154.245
184,Saw,Willoway,swilloway53@shareasale.com,Male,2679,6.108.122.239
185,Raychel,Eversfield,reversfield54@over-blog.com,Female,5746,51.246.72.200
186,Dallon,Stanyforth,dstanyforth55@shop-pro.jp,Male,9812,127.80.148.40
187,Rebecka,Afield,rafield56@linkedin.com,Female,2127,9.54.7.122
188,Nissie,Agott,nagott57@linkedin.com,Female,7375,249.100.37.38
189,Irvine,Diggle,idiggle58@addthis.com,Male,0306,162.158.149.230
190,Keeley,Chewter,kchewter59@networkadvertising.org,Female,1856,145.102.11.205
191,Grady,Penquet,gpenquet5a@livejournal.com,Male,7969,240.180.96.211
192,Eveline,Keasley,ekeasley5b@nasa.gov,Female,7783,223.142.3.33
193,Eleanor,Skeermor,eskeermor5c@linkedin.com,Female,3741,0.33.221.170
194,Kaitlynn,Corroyer,kcorroyer5d@nps.gov,Female,6707,207.227.177.12
195,Annette,Lillee,alillee5e@unesco.org,Female,0268,56.41.188.240
196,Hope,Fenlon,hfenlon5f@admin.ch,Female,6855,100.160.38.149
197,Ichabod,Goady,igoady5g@flavors.me,Male,6365,221.187.127.178
198,Francene,Grzes,fgrzes5h@newyorker.com,Female,7115,231.132.222.58
199,Elmer,Feechum,efeechum5i@printfriendly.com,Male,9812,83.172.162.0
200,Rog,Render,rrender5j@usatoday.com,Male,1516,33.25.182.159
201,Merrielle,Hazelgrove,mhazelgrove5k@engadget.com,Female,5867,125.90.221.171
202,Cassi,Birchenough,cbirchenough5l@friendfeed.com,Female,8915,229.113.32.144
203,Davey,Gonnelly,dgonnelly5m@hao123.com,Male,9351,60.127.126.228
204,Brannon,Kincey,bkincey5n@tumblr.com,Male,6129,8.142.48.196
205,Swen,Hamill,shamill5o@exblog.jp,Male,7890,202.110.230.205
206,Mendel,Binyon,mbinyon5p@comsenz.com,Male,4466,122.70.165.249
207,Berget,Plesing,bplesing5q@go.com,Female,9064,193.170.15.91
208,Latisha,MacSharry,lmacsharry5r@mozilla.org,Female,6805,85.90.44.143
209,Whittaker,Calcott,wcalcott5s@lycos.com,Male,1728,23.102.9.19
210,Abram,Strut,astrut5t@dyndns.org,Male,8990,1.134.135.194
211,Mic,Manuely,mmanuely5u@comsenz.com,Male,0235,36.6.137.1
212,Tate,Haygreen,thaygreen5v@moonfruit.com,Male,4159,154.248.163.230
213,Aurora,Matejic,amatejic5w@goo.ne.jp,Female,4130,53.159.231.144
214,Iona,Lessmare,ilessmare5x@gov.uk,Female,6115,151.251.219.193
215,Ginger,Kmieciak,gkmieciak5y@businessinsider.com,Male,3697,234.236.79.88
216,Zuzana,Hubber,zhubber5z@etsy.com,Female,1671,118.222.140.222
217,Rutherford,Shurey,rshurey60@ucoz.ru,Male,2995,199.81.85.209
218,Marlie,Goldsbrough,mgoldsbrough61@comsenz.com,Female,6980,140.111.93.3
219,Teresina,La Rosa,tlarosa62@parallels.com,Female,8233,101.91.215.31
220,Paulita,Levin,plevin63@sciencedirect.com,Female,4526,74.167.0.144
221,Dael,Gomez,dgomez64@ihg.com,Female,8359,62.32.230.212
222,Karlis,Luchetti,kluchetti65@bluehost.com,Male,2072,147.93.74.102
223,Dulcine,Price,dprice66@addthis.com,Female,5193,16.219.242.245
224,Holly,Skocroft,hskocroft67@prweb.com,Female,0624,175.93.181.54
225,Sterne,Langcastle,slangcastle68@theguardian.com,Male,6738,173.0.191.57
226,Bride,Van Der Vlies,bvandervlies69@jimdo.com,Female,3275,116.147.19.113
227,Elvyn,Sheringham,esheringham6a@netlog.com,Male,7976,91.217.42.44
228,Annamaria,Pobjay,apobjay6b@icio.us,Female,8175,231.56.135.216
229,Geoffrey,Dagnan,gdagnan6c@wikia.com,Male,1706,252.101.37.42
230,Tommie,Canet,tcanet6d@smugmug.com,Female,6365,122.31.50.140
231,Malinde,Spikeings,mspikeings6e@comcast.net,Female,7598,57.178.235.185
232,Elsi,Fellis,efellis6f@mashable.com,Female,8797,232.105.117.218
233,Fleming,Devorill,fdevorill6g@psu.edu,Male,9193,79.89.134.122
234,Alison,Tomasoni,atomasoni6h@census.gov,Female,1459,150.224.10.150
235,Keely,Itzhak,kitzhak6i@ucoz.ru,Female,5936,8.78.4.48
236,Agosto,Scarre,ascarre6j@npr.org,Male,9252,220.86.203.39
237,Herby,Yosselevitch,hyosselevitch6k@jigsy.com,Male,3313,20.100.159.195
238,Keelia,Daughtrey,kdaughtrey6l@ucla.edu,Female,8122,128.182.188.221
239,Gwennie,Shillitoe,gshillitoe6m@abc.net.au,Female,4062,88.18.20.50
240,Koo,Janda,kjanda6n@dion.ne.jp,Female,4887,75.240.23.146
241,Hewitt,Newlove,hnewlove6o@plala.or.jp,Male,4007,4.7.201.229
242,Valery,Zecchini,vzecchini6p@canalblog.com,Female,3021,112.130.84.200
243,Gilemette,Pedrocco,gpedrocco6q@usa.gov,Female,7348,24.96.89.51
244,Perl,Brumwell,pbrumwell6r@home.pl,Female,3605,48.134.69.109
245,Douglass,d' Elboux,ddelboux6s@parallels.com,Male,1789,186.90.139.188
246,Raff,Guisby,rguisby6t@yale.edu,Male,7947,244.46.3.78
247,Hadrian,Berney,hberney6u@seattletimes.com,Male,7008,223.206.128.4
248,Dean,Swettenham,dswettenham6v@adobe.com,Male,4893,134.227.98.160
249,Maribel,Bowich,mbowich6w@51.la,Female,3083,80.186.171.101
250,Mollie,Bony,mbony6x@salon.com,Female,7158,92.71.234.99
251,Lia,Bladder,lbladder6y@tripod.com,Female,7964,186.204.233.89
252,Dorothee,Foux,dfoux6z@cargocollective.com,Female,9020,210.243.54.28
253,Nat,Thow,nthow70@thetimes.co.uk,Male,1122,3.17.148.43
254,Thorin,Padilla,tpadilla71@barnesandnoble.com,Male,2967,148.172.41.50
255,Linette,Rayhill,lrayhill72@xing.com,Female,0399,210.149.50.200
256,Row,Mintoft,rmintoft73@msu.edu,Female,0049,13.52.220.76
257,Burt,Ramalho,bramalho74@blinklist.com,Male,1071,148.1.62.94
258,Judith,Koschke,jkoschke75@cisco.com,Female,9630,86.4.133.248
259,Antonella,Brastead,abrastead76@networksolutions.com,Female,0895,241.30.83.89
260,Milissent,Warratt,mwarratt77@wordpress.com,Female,1477,52.160.228.91
261,Reggie,Twidell,rtwidell78@archive.org,Female,3812,181.194.7.140
262,Nevil,Bansal,nbansal79@feedburner.com,Male,5364,145.241.133.208
263,Marion,Turneaux,mturneaux7a@goodreads.com,Male,9402,110.168.97.1
264,Melodee,Filippyev,mfilippyev7b@imageshack.us,Female,8944,14.19.11.56
265,Irina,Shoebrook,ishoebrook7c@blogs.com,Female,0160,100.184.44.231
266,Kandy,Lindstrom,klindstrom7d@yellowpages.com,Female,2133,45.253.124.1
267,Golda,Earthfield,gearthfield7e@microsoft.com,Female,6838,231.11.175.65
268,Carri,Valti,cvalti7f@newsvine.com,Female,0456,128.99.157.38
269,Claudetta,Poltone,cpoltone7g@china.com.cn,Female,5441,214.74.5.84
270,Nelia,Baitey,nbaitey7h@nbcnews.com,Female,8131,195.244.70.139
271,Alley,Cove,acove7i@zdnet.com,Male,0655,228.42.65.171
272,Sharona,Joutapavicius,sjoutapavicius7j@istockphoto.com,Female,1544,222.15.189.75
273,Jesus,Pantone,jpantone7k@youtube.com,Male,9704,237.185.159.136
274,Shoshana,Lowdeane,slowdeane7l@gnu.org,Female,2263,120.239.41.38
275,Free,Remirez,fremirez7m@sciencedirect.com,Male,9583,204.77.164.39
276,Carilyn,Jenoure,cjenoure7n@engadget.com,Female,5396,94.191.98.126
277,Riccardo,McDermott-Row,rmcdermottrow7o@newyorker.com,Male,9586,154.254.25.214
278,Lolita,Ahmed,lahmed7p@webnode.com,Female,5955,75.75.18.115
279,Baily,Barkaway,bbarkaway7q@cisco.com,Male,2123,128.93.41.60
280,Faith,Waite,fwaite7r@digg.com,Female,4549,249.57.137.221
281,Julianne,McSporon,jmcsporon7s@vimeo.com,Female,6984,74.207.220.108
282,Roth,Thorald,rthorald7t@tinypic.com,Male,7069,170.15.145.169
283,Bryana,Scolding,bscolding7u@1688.com,Female,9988,164.63.3.67
284,Tony,Giffard,tgiffard7v@reference.com,Male,7304,221.128.251.45
285,Dee,Gerholz,dgerholz7w@cpanel.net,Female,5480,155.68.62.170
286,Wylie,Brandacci,wbrandacci7x@g.co,Male,2882,236.183.191.229
287,Bevin,Scammonden,bscammonden7y@hatena.ne.jp,Male,7938,115.24.109.111
288,Emmott,Corzon,ecorzon7z@java.com,Male,8666,145.13.60.229
289,Desmund,Schooling,dschooling80@ebay.co.uk,Male,5407,212.128.252.143
290,Flossi,Cherry Holme,fcherryholme81@nytimes.com,Female,2100,248.126.89.184
291,Cello,Gepp,cgepp82@answers.com,Male,2330,41.158.6.213
292,Launce,Meeke,lmeeke83@eepurl.com,Male,0524,246.203.96.106
293,Calhoun,Duchasteau,cduchasteau84@mediafire.com,Male,6249,237.116.5.223
294,Stormy,Yorston,syorston85@studiopress.com,Female,3980,146.131.127.51
295,Noby,Load,nload86@slideshare.net,Male,7447,105.59.30.175
296,Olwen,Castleton,ocastleton87@ebay.com,Female,7756,19.197.26.233
297,Hagen,Doornbos,hdoornbos88@biglobe.ne.jp,Male,3617,173.151.51.229
298,Quinlan,Labbett,qlabbett89@jiathis.com,Male,9520,131.228.48.70
299,Homere,MacGragh,hmacgragh8a@npr.org,Male,3144,172.193.128.123
300,Lowell,Sigars,lsigars8b@vistaprint.com,Male,8426,177.149.250.31
301,Curtis,Longstreet,clongstreet8c@myspace.com,Male,6625,172.127.217.151
302,Freddy,Caen,fcaen8d@mtv.com,Male,1378,45.100.144.30
303,Ellerey,Bloodworth,ebloodworth8e@sun.com,Male,5494,143.166.105.50
304,Fraze,Patel,fpatel8f@tiny.cc,Male,9251,69.32.6.42
305,Brooks,Brownhill,bbrownhill8g@slideshare.net,Female,1914,202.110.26.206
306,Tibold,Bolstridge,tbolstridge8h@who.int,Male,3449,22.67.239.203
307,Verla,Zylbermann,vzylbermann8i@phpbb.com,Female,1416,212.26.66.189
308,Jacynth,Goss,jgoss8j@disqus.com,Female,6999,92.176.64.243
309,Hanna,Hartington,hhartington8k@github.io,Female,4812,121.179.134.199
310,Mellie,Croisdall,mcroisdall8l@zimbio.com,Female,9498,35.135.148.135
311,Gregg,Bordman,gbordman8m@tuttocitta.it,Male,4177,195.103.123.132
312,Zachery,Crinkley,zcrinkley8n@dell.com,Male,6715,149.8.18.118
313,Zacharias,Harring,zharring8o@guardian.co.uk,Male,2105,218.169.7.118
314,Pamella,O'Mannion,pomannion8p@ft.com,Female,0497,13.151.89.112
315,Desmund,Canon,dcanon8q@networkadvertising.org,Male,1816,100.85.214.41
316,Maudie,Dollman,mdollman8r@comcast.net,Female,2363,132.243.251.106
317,Dorella,Benettolo,dbenettolo8s@mapquest.com,Female,1249,103.187.115.138
318,Koenraad,Chatel,kchatel8t@quantcast.com,Male,1048,200.254.49.149
319,Allard,Nelissen,anelissen8u@home.pl,Male,6722,246.125.190.86
320,Benyamin,Goater,bgoater8v@psu.edu,Male,3607,220.168.94.95
321,Leif,Chasmar,lchasmar8w@loc.gov,Male,7020,244.145.59.12
322,Hallsy,Minister,hminister8x@shinystat.com,Male,8434,50.171.250.138
323,Lotty,Dawdary,ldawdary8y@sourceforge.net,Female,4783,72.34.162.0
324,Gus,Pegram,gpegram8z@sakura.ne.jp,Male,6563,46.177.81.245
325,Hernando,Rainsden,hrainsden90@princeton.edu,Male,2420,217.21.46.235
326,Kelby,MacFadin,kmacfadin91@liveinternet.ru,Male,5006,64.123.156.211
327,Rochell,Arch,rarch92@phpbb.com,Female,8513,133.152.202.26
328,Cherice,Alvarado,calvarado93@columbia.edu,Female,0916,25.53.71.87
329,Huntley,Bransgrove,hbransgrove94@bluehost.com,Male,1092,10.180.37.14
330,Torre,Ganny,tganny95@soundcloud.com,Male,2098,50.240.86.12
331,Carter,Ferrarese,cferrarese96@51.la,Male,6290,77.251.48.193
332,Hermon,Brewer,hbrewer97@chronoengine.com,Male,2357,248.48.192.169
333,Kipp,Pinkett,kpinkett98@usnews.com,Female,6407,75.90.92.193
334,Amble,Thwaites,athwaites99@huffingtonpost.com,Male,4761,165.0.67.65
335,Kath,Szapiro,kszapiro9a@boston.com,Female,1307,41.157.11.172
336,Clemens,Songist,csongist9b@mtv.com,Male,7422,125.53.51.90
337,Algernon,Teacy,ateacy9c@weebly.com,Male,8151,252.62.253.141
338,Tait,Treadaway,ttreadaway9d@stumbleupon.com,Male,8613,164.200.91.243
339,Ewell,Augustus,eaugustus9e@chicagotribune.com,Male,0267,202.32.15.117
340,Loralee,Mudd,lmudd9f@skype.com,Female,4995,178.29.246.110
341,Gretel,Curry,gcurry9g@census.gov,Female,5544,92.155.110.190
342,Barnett,Ruthen,bruthen9h@is.gd,Male,3812,218.190.156.107
343,Phylys,Hagard,phagard9i@w3.org,Female,5669,156.238.56.241
344,Manny,Atcheson,matcheson9j@google.com.br,Male,8383,67.140.154.214
345,Aubree,Danilchev,adanilchev9k@is.gd,Female,1288,163.204.113.252
346,Morten,Pinwell,mpinwell9l@i2i.jp,Male,7874,219.184.42.132
347,Maryellen,Rizzone,mrizzone9m@odnoklassniki.ru,Female,5818,214.50.219.225
348,Ottilie,McBeith,omcbeith9n@craigslist.org,Female,9759,153.161.15.54
349,Fredia,Muddle,fmuddle9o@myspace.com,Female,3913,71.95.97.253
350,Thoma,Varsey,tvarsey9p@taobao.com,Male,4740,160.15.105.188
351,Lynda,McRobert,lmcrobert9q@cornell.edu,Female,9281,246.236.194.52
352,Alaric,Ferre,aferre9r@wufoo.com,Male,9549,39.187.158.84
353,Ellwood,Tomkies,etomkies9s@goo.gl,Male,2790,138.99.176.147
354,Elvera,Burchill,eburchill9t@facebook.com,Female,2740,6.35.24.230
355,Jaquelin,Fiorentino,jfiorentino9u@tmall.com,Female,7184,98.108.236.118
356,Rainer,Cluatt,rcluatt9v@i2i.jp,Male,2980,12.110.122.127
357,Meade,Sizeland,msizeland9w@state.tx.us,Female,4480,239.105.68.153
358,Clyde,Ralestone,cralestone9x@cnbc.com,Male,9506,12.141.232.140
359,Jillie,O'Carran,jocarran9y@theglobeandmail.com,Female,7303,179.158.107.106
360,Lynsey,Corke,lcorke9z@twitter.com,Female,3817,139.89.12.44
361,Arvy,Pigford,apigforda0@nationalgeographic.com,Male,4889,210.172.67.192
362,Teddy,Kaufman,tkaufmana1@chronoengine.com,Female,8137,189.138.85.203
363,Parker,McAvinchey,pmcavincheya2@google.com,Male,9839,136.232.152.200
364,Richart,McKmurrie,rmckmurriea3@noaa.gov,Male,7451,29.32.253.46
365,Rikki,Gandy,rgandya4@phpbb.com,Female,7731,153.148.57.155
366,Sherm,Boullin,sboullina5@behance.net,Male,0863,143.216.227.88
367,Jerrie,Kubicki,jkubickia6@mozilla.org,Male,4834,136.240.18.37
368,Warden,Hitscher,whitschera7@tmall.com,Male,4473,210.102.146.138
369,Ailbert,Bryson,abrysona8@rakuten.co.jp,Male,7683,101.18.214.37
370,Bay,Nuton,bnutona9@sohu.com,Male,9869,35.19.6.242
371,Silvan,Wavish,swavishaa@vk.com,Male,4689,186.225.73.207
372,Wit,Gadaud,wgadaudab@privacy.gov.au,Male,1688,224.15.21.135
373,Sharai,MacCaffery,smaccafferyac@economist.com,Female,3385,123.217.85.78
374,Phillip,Kik,pkikad@berkeley.edu,Male,3175,84.96.150.227
375,Eimile,Marcinkus,emarcinkusae@php.net,Female,1099,242.22.249.248
376,Ogdan,Giraldon,ogiraldonaf@webs.com,Male,3984,183.107.119.77
377,Teddie,Riggulsford,triggulsfordag@jalbum.net,Male,7767,95.188.168.140
378,Matthaeus,Curry,mcurryah@symantec.com,Male,7770,155.40.174.177
379,Hazlett,Alexandersen,halexandersenai@ibm.com,Male,6595,51.81.200.78
380,Axe,Cruwys,acruwysaj@va.gov,Male,2929,231.167.182.122
381,Ellene,Huxley,ehuxleyak@seattletimes.com,Female,5569,211.76.50.167
382,Marlon,Dobble,mdobbleal@mac.com,Male,9926,148.127.36.169
383,Staffard,Weatherdon,sweatherdonam@businessinsider.com,Male,8011,131.229.211.30
384,Templeton,Yeoman,tyeomanan@cisco.com,Male,0605,6.243.246.163
385,Carmela,Underwood,cunderwoodao@google.de,Female,8901,60.168.238.92
386,Sorcha,Bartelli,sbartelliap@about.me,Female,5252,59.59.20.83
387,Diannne,Zammett,dzammettaq@bigcartel.com,Female,2420,66.58.228.94
388,Fletch,Merrifield,fmerrifieldar@wiley.com,Male,8902,130.26.24.83
389,Gary,Hotson,ghotsonas@sbwire.com,Male,5118,164.222.155.33
390,Barn,Glenister,bglenisterat@go.com,Male,8168,15.9.135.142
391,Adelaide,Domini,adominiau@yelp.com,Female,0251,73.207.206.77
392,Ty,Melbourne,tmelbourneav@123-reg.co.uk,Male,0082,0.186.151.218
393,Codi,Dreini,cdreiniaw@ning.com,Male,6011,143.133.147.69
394,Patty,Glanton,pglantonax@dropbox.com,Female,2353,212.15.170.161
395,Karen,Ropp,kroppay@ebay.com,Female,1093,159.31.50.132
396,Tiphani,Chapiro,tchapiroaz@uol.com.br,Female,9468,102.145.87.33
397,Jasmina,Pendall,jpendallb0@sogou.com,Female,2519,166.30.252.164
398,Wain,Zywicki,wzywickib1@webmd.com,Male,9812,126.195.119.28
399,Wat,Lukehurst,wlukehurstb2@vistaprint.com,Male,5134,131.28.83.251
400,Alyse,Overil,aoverilb3@hp.com,Female,3072,124.134.19.213
401,Rochette,January 1st,rjanuarystb4@paginegialle.it,Female,5346,233.210.189.51
402,Mella,Dean,mdeanb5@fda.gov,Female,9906,173.40.54.192
403,Mira,Kenryd,mkenrydb6@usda.gov,Female,2263,105.215.231.240
404,Christie,Willets,cwilletsb7@java.com,Female,1406,182.205.72.22
405,Emyle,Yersin,eyersinb8@cdbaby.com,Female,3541,15.160.14.43
406,Emlyn,Brickdale,ebrickdaleb9@etsy.com,Male,7147,98.102.24.131
407,Kassia,Farny,kfarnyba@time.com,Female,5093,229.161.25.109
408,Loria,Gladdor,lgladdorbb@amazon.co.uk,Female,4540,177.194.134.227
409,Ki,Brine,kbrinebc@census.gov,Female,6637,2.67.25.175
410,Cecilius,Acres,cacresbd@amazon.co.jp,Male,3699,132.237.177.244
411,Ralina,Gemlett,rgemlettbe@360.cn,Female,0371,229.206.111.204
412,Hilliary,Searchfield,hsearchfieldbf@theatlantic.com,Female,6706,186.197.13.53
413,Lynnett,Karsh,lkarshbg@sun.com,Female,6650,213.47.210.203
414,Kevon,Priddey,kpriddeybh@guardian.co.uk,Male,6879,37.125.182.85
415,Layton,Kembley,lkembleybi@twitpic.com,Male,6697,139.231.233.30
416,Hermie,Hoble,hhoblebj@ycombinator.com,Male,4147,45.174.68.27
417,Stavros,Warton,swartonbk@chronoengine.com,Male,3205,197.103.78.86
418,Indira,Currer,icurrerbl@aol.com,Female,2603,163.141.249.8
419,Brendon,Newick,bnewickbm@altervista.org,Male,0007,155.17.122.169
420,Kirbee,Smith,ksmithbn@ask.com,Female,0854,155.224.197.11
421,Violet,Pasquale,vpasqualebo@nsw.gov.au,Female,0738,119.226.146.42
422,Breena,Broadhurst,bbroadhurstbp@chicagotribune.com,Female,3038,188.110.128.171
423,Travus,Matthewes,tmatthewesbq@addthis.com,Male,6469,179.178.136.84
424,Abbey,Oertzen,aoertzenbr@eepurl.com,Male,1904,43.98.86.233
425,Suzanna,Itzchaky,sitzchakybs@dyndns.org,Female,5064,151.5.85.116
426,Salomo,Pechan,spechanbt@aol.com,Male,7606,170.189.98.214
427,Hamilton,Grimwood,hgrimwoodbu@xing.com,Male,5266,26.157.40.135
428,Verne,Etock,vetockbv@oaic.gov.au,Male,6491,16.132.133.53
429,Shaylyn,Courtenay,scourtenaybw@sourceforge.net,Female,8958,85.139.219.53
430,Maurine,Duffan,mduffanbx@wunderground.com,Female,1614,187.92.204.87
431,Trula,Lainge,tlaingeby@cbsnews.com,Female,5541,129.246.108.79
432,Rosie,Erratt,rerrattbz@europa.eu,Female,4830,101.150.134.189
433,Blondy,Jertz,bjertzc0@ft.com,Female,0462,192.1.221.176
434,Immanuel,MacNally,imacnallyc1@mayoclinic.com,Male,2909,113.172.53.224
435,Pennie,Skippon,pskipponc2@google.com.au,Female,7692,47.60.200.96
436,Vladimir,Skylett,vskylettc3@1und1.de,Male,5061,9.26.104.62
437,Vernen,Lumsdon,vlumsdonc4@dropbox.com,Male,8150,24.143.220.189
438,Gasper,Cristofvao,gcristofvaoc5@loc.gov,Male,1930,96.55.86.107
439,Marian,Amner,mamnerc6@spotify.com,Female,5511,113.229.142.206
440,Sue,Ruprechter,sruprechterc7@utexas.edu,Female,1697,213.141.109.163
441,Veronique,Raynton,vrayntonc8@theguardian.com,Female,4935,103.14.69.180
442,Wilden,Pletts,wplettsc9@squidoo.com,Male,1793,11.26.249.146
443,Leora,Martineau,lmartineauca@ezinearticles.com,Female,3570,28.185.130.176
444,Parrnell,Mc Meekin,pmcmeekincb@stumbleupon.com,Male,5041,15.48.200.240
445,Marquita,Sleeman,msleemancc@google.ru,Female,9752,99.129.106.163
446,Huntlee,Balmadier,hbalmadiercd@histats.com,Male,9635,172.174.140.86
447,Wallis,Riedel,wriedelce@hao123.com,Male,2867,220.95.142.90
448,Waverly,Creffeild,wcreffeildcf@rambler.ru,Male,5926,182.245.152.93
449,Banky,Skylett,bskylettcg@liveinternet.ru,Male,5841,153.43.77.143
450,Filmore,Takle,ftaklech@webs.com,Male,8880,46.92.99.166
451,Felic,Durnan,fdurnanci@creativecommons.org,Male,1714,29.90.229.216
452,Sabrina,Follis,sfolliscj@google.com.br,Female,5261,183.103.213.56
453,Xerxes,Cutmare,xcutmareck@topsy.com,Male,4415,131.191.205.125
454,Dalenna,Sussems,dsussemscl@hao123.com,Female,7522,16.136.211.131
455,Zeke,Mc Gorley,zmcgorleycm@skype.com,Male,9724,216.46.77.27
456,Matthew,Powley,mpowleycn@usda.gov,Male,0850,215.190.9.235
457,Amanda,Lening,aleningco@goodreads.com,Female,3193,122.194.206.22
458,Hope,Marshland,hmarshlandcp@yandex.ru,Female,0450,125.253.150.52
459,Phyllida,Josskovitz,pjosskovitzcq@i2i.jp,Female,7395,91.249.58.60
460,Amelia,Baggelley,abaggelleycr@wp.com,Female,9524,39.197.204.87
461,Thaine,Chadburn,tchadburncs@addtoany.com,Male,4324,206.170.19.165
462,Antin,Wynett,awynettct@mozilla.com,Male,8735,64.17.254.148
463,Tybi,Scarlan,tscarlancu@opensource.org,Female,9621,234.27.68.132
464,Joel,Di Carlo,jdicarlocv@geocities.jp,Male,7552,152.184.237.197
465,Bonita,Crain,bcraincw@xrea.com,Female,9181,94.35.40.238
466,Coleen,Hailes,chailescx@google.com.au,Female,5287,94.64.86.147
467,Emanuel,Callicott,ecallicottcy@virginia.edu,Male,6539,130.83.235.150
468,Stacee,Dowthwaite,sdowthwaitecz@delicious.com,Female,1407,62.219.2.107
469,Nevil,Fullick,nfullickd0@over-blog.com,Male,5051,162.232.143.126
470,Jodi,Hylden,jhyldend1@goodreads.com,Female,0133,72.85.254.194
471,Deeann,Lawlance,dlawlanced2@mlb.com,Female,4315,146.22.228.242
472,Madonna,Mercer,mmercerd3@psu.edu,Female,0190,69.175.10.182
473,Darcey,Hallihan,dhallihand4@123-reg.co.uk,Female,6716,203.172.61.250
474,Abey,Creighton,acreightond5@independent.co.uk,Male,6855,182.161.12.80
475,Renie,Mantz,rmantzd6@mozilla.com,Female,1070,151.84.27.137
476,Rufus,Raddon,rraddond7@icq.com,Male,2787,80.206.24.43
477,Win,Speirs,wspeirsd8@telegraph.co.uk,Male,6201,210.39.88.213
478,Teddy,Dunk,tdunkd9@tumblr.com,Female,3595,238.80.195.213
479,Myca,Simonsson,msimonssonda@irs.gov,Male,2865,237.220.26.223
480,Nancee,Tindley,ntindleydb@icio.us,Female,9290,142.175.152.11
481,Sayer,Rudsdale,srudsdaledc@examiner.com,Male,6888,234.157.163.160
482,Chelsea,Hunnawill,chunnawilldd@addthis.com,Female,3169,149.240.81.119
483,Maggee,Warde,mwardede@engadget.com,Female,8397,27.153.220.140
484,Hi,Luparti,hlupartidf@purevolume.com,Male,2538,24.145.90.116
485,Pascale,Screeton,pscreetondg@slideshare.net,Male,5829,187.56.14.203
486,Rebe,Rey,rreydh@jugem.jp,Female,6585,66.92.247.94
487,Daryl,O'Cullinane,docullinanedi@businessweek.com,Female,5235,14.91.196.29
488,Ferris,Accombe,faccombedj@github.com,Male,4806,205.187.76.113
489,Miof mela,Belcher,mbelcherdk@smh.com.au,Female,3774,75.245.188.184
490,Christal,Basden,cbasdendl@google.com.hk,Female,5271,202.29.38.194
491,Jeffrey,Reolfo,jreolfodm@digg.com,Male,7461,38.15.72.12
492,Lisette,Farnall,lfarnalldn@tinypic.com,Female,9839,156.62.63.193
493,Sherri,Cholton,scholtondo@paginegialle.it,Female,2627,45.76.105.6
494,Cathleen,Castillo,ccastillodp@ask.com,Female,9679,177.242.235.219
495,Elvis,Alebrooke,ealebrookedq@umich.edu,Male,2808,173.27.6.0
496,Rickie,Ondracek,rondracekdr@nyu.edu,Male,5967,240.43.126.199
497,Caleb,Koles,ckolesds@ifeng.com,Male,5889,82.231.49.86
498,Johannah,Seiffert,jseiffertdt@drupal.org,Female,7640,116.250.13.44
499,Connie,Isworth,cisworthdu@linkedin.com,Male,4826,111.172.66.231
500,Hilly,Norker,hnorkerdv@edublogs.org,Male,8727,7.31.178.246
501,Bran,D'Adda,bdaddadw@bbb.org,Male,9643,190.19.181.161
502,Florri,Flippelli,fflippellidx@eepurl.com,Female,7683,151.50.83.163
503,Candi,Dodds,cdoddsdy@businessinsider.com,Female,4499,253.145.113.218
504,Wandis,Mould,wmoulddz@1688.com,Female,3820,173.85.31.114
505,Doroteya,M'Quharge,dmquhargee0@washington.edu,Female,2871,88.32.115.146
506,Kaleb,Mathonnet,kmathonnete1@deviantart.com,Male,2133,120.136.156.123
507,Michale,Joye,mjoyee2@slate.com,Male,5374,99.231.116.14
508,Arline,Phillput,aphillpute3@nbcnews.com,Female,1257,168.98.74.184
509,Jan,Sill,jsille4@so-net.ne.jp,Female,1372,174.220.46.176
510,Libby,Thorington,lthoringtone5@diigo.com,Female,5624,179.115.233.49
511,Nanete,O'Scandall,noscandalle6@patch.com,Female,7137,43.22.207.127
512,Linet,Scrowson,lscrowsone7@networksolutions.com,Female,2392,234.233.236.188
513,Farly,Swaffer,fswaffere8@infoseek.co.jp,Male,2539,192.153.61.238
514,Mason,Bartels,mbartelse9@globo.com,Male,8491,60.249.143.133
515,Sheri,Jeayes,sjeayesea@homestead.com,Female,9483,210.114.158.165
516,Dore,Boothe,dbootheeb@canalblog.com,Male,4697,91.250.37.241
517,Rudolph,Garforth,rgarforthec@twitter.com,Male,7537,60.138.53.135
518,Randell,Joule,rjouleed@prlog.org,Male,6099,210.141.133.82
519,Rasia,Hallward,rhallwardee@dell.com,Female,5205,20.86.185.155
520,Sinclair,Darrel,sdarrelef@is.gd,Male,6600,198.245.221.248
521,Haskell,Bascomb,hbascombeg@marriott.com,Male,3583,209.121.219.134
522,Kandace,Leighton,kleightoneh@feedburner.com,Female,9175,23.238.196.59
523,Lita,Hanks,lhanksei@dailymail.co.uk,Female,2959,5.94.31.208
524,Hastie,Grose,hgroseej@usatoday.com,Male,6257,42.69.63.28
525,Drucill,Loreit,dloreitek@list-manage.com,Female,0619,168.140.95.229
526,Bale,Pottberry,bpottberryel@nifty.com,Male,1828,250.26.11.133
527,Batholomew,Latch,blatchem@businesswire.com,Male,9839,185.202.100.175
528,Kristoffer,Reay,kreayen@accuweather.com,Male,9788,169.165.151.80
529,Carmelia,Caesman,ccaesmaneo@cocolog-nifty.com,Female,4231,57.100.80.220
530,Raffaello,Seyler,rseylerep@gizmodo.com,Male,7953,183.191.23.83
531,Adria,Putterill,aputterilleq@house.gov,Female,4909,2.197.87.34
532,Kanya,Jedrychowski,kjedrychowskier@cam.ac.uk,Female,6786,47.82.246.210
533,Andra,Gerraty,agerratyes@adobe.com,Female,8377,53.129.164.1
534,Gilles,Parlatt,gparlattet@cdc.gov,Male,8931,133.136.17.14
535,Chrisse,Mattheissen,cmattheisseneu@over-blog.com,Male,3914,213.223.177.110
536,Art,Reis,areisev@apache.org,Male,8132,121.26.103.182
537,Helli,Bevens,hbevensew@go.com,Female,2431,109.15.243.243
538,De,Lawty,dlawtyex@state.tx.us,Female,2029,100.138.42.187
539,Katti,McKernan,kmckernaney@wunderground.com,Female,4265,119.137.165.127
540,Olive,Thrush,othrushez@sun.com,Female,3185,72.104.28.147
541,Jessamine,Demongeot,jdemongeotf0@hibu.com,Female,6728,99.43.236.169
542,Raimund,O'Neill,roneillf1@omniture.com,Male,5965,255.118.229.62
543,Betsy,Jobin,bjobinf2@qq.com,Female,1022,158.125.109.39
544,Delano,Collomosse,dcollomossef3@usa.gov,Male,7490,47.216.112.192
545,Minda,Kirley,mkirleyf4@icio.us,Female,8049,190.144.246.226
546,Evvie,Duinbleton,eduinbletonf5@taobao.com,Female,6080,16.27.167.206
547,Basil,Cumpsty,bcumpstyf6@51.la,Male,9438,19.178.117.234
548,Henriette,Blodg,hblodgf7@usda.gov,Female,3672,240.240.160.126
549,Kathi,Stone,kstonef8@youtu.be,Female,4966,99.195.19.187
550,Lelia,Gimbart,lgimbartf9@unicef.org,Female,0439,1.234.49.218
551,Maren,Rosendahl,mrosendahlfa@taobao.com,Female,4212,49.201.168.98
552,Rosalynd,Penddreth,rpenddrethfb@behance.net,Female,7799,254.247.15.228
553,Nehemiah,Seebright,nseebrightfc@dedecms.com,Male,5831,146.148.186.245
554,Allie,Brizell,abrizellfd@businesswire.com,Female,8698,210.40.128.157
555,Chandal,Wysome,cwysomefe@cdbaby.com,Female,2075,71.5.198.94
556,Conrado,Doret,cdoretff@ameblo.jp,Male,8476,110.159.223.158
557,Normie,Oakenfield,noakenfieldfg@a8.net,Male,8008,171.101.185.101
558,Katya,Diloway,kdilowayfh@addthis.com,Female,9886,232.68.111.64
559,Morgana,Sennett,msennettfi@home.pl,Female,9884,125.204.2.62
560,Carling,Willcocks,cwillcocksfj@google.com.br,Male,9372,103.127.169.12
561,Cristen,Fortnum,cfortnumfk@stanford.edu,Female,2283,253.84.3.193
562,Theo,Tejero,ttejerofl@howstuffworks.com,Male,3402,28.199.101.131
563,Nessie,Humblestone,nhumblestonefm@elegantthemes.com,Female,5148,119.202.85.43
564,Alberik,Kuhnel,akuhnelfn@mayoclinic.com,Male,3448,230.194.134.108
565,Roosevelt,Clayfield,rclayfieldfo@wikia.com,Male,4073,92.185.135.135
566,Betsy,Beetham,bbeethamfp@ftc.gov,Female,0870,18.68.118.174
567,Julio,Playden,jplaydenfq@tmall.com,Male,5059,90.184.177.212
568,Gwenore,Batha,gbathafr@economist.com,Female,0097,75.216.222.182
569,Kin,Denver,kdenverfs@altervista.org,Male,2315,127.59.181.31
570,Grayce,O'Neil,goneilft@rediff.com,Female,7590,29.247.107.29
571,Wilmer,McPhaden,wmcphadenfu@list-manage.com,Male,4227,88.132.28.27
572,Isabelle,Mix,imixfv@weibo.com,Female,8759,127.255.196.41
573,Esme,Brownstein,ebrownsteinfw@addtoany.com,Female,4074,106.7.27.138
574,Son,Borthwick,sborthwickfx@behance.net,Male,5114,14.31.28.89
575,Sheff,Bools,sboolsfy@geocities.com,Male,1058,197.68.181.13
576,Laure,Gosland,lgoslandfz@walmart.com,Female,8476,39.88.82.8
577,Freddi,Ickovic,fickovicg0@amazon.co.uk,Female,8087,82.31.213.99
578,Dorine,Couronne,dcouronneg1@boston.com,Female,7347,26.224.228.121
579,Brooks,Norster,bnorsterg2@google.com,Male,2837,195.83.96.99
580,Ferdie,Kilgallen,fkilgalleng3@w3.org,Male,4749,57.52.72.135
581,Isidoro,Esherwood,iesherwoodg4@nasa.gov,Male,8627,63.253.27.117
582,Harry,Harbage,hharbageg5@icq.com,Male,0969,134.202.164.211
583,Jayson,Tebbet,jtebbetg6@comsenz.com,Male,7844,177.104.162.103
584,Estel,Fellenor,efellenorg7@simplemachines.org,Female,3698,202.192.85.125
585,Roxie,Gowthrop,rgowthropg8@toplist.cz,Female,8147,7.209.103.149
586,Colby,Larkcum,clarkcumg9@usa.gov,Male,7494,154.210.12.136
587,Hermie,Rikkard,hrikkardga@wunderground.com,Male,0522,249.203.31.245
588,Artemus,Roblin,aroblingb@state.tx.us,Male,4394,140.221.183.237
589,Jeremias,Syms,jsymsgc@goo.gl,Male,0700,135.78.123.156
590,Sutherland,Gilston,sgilstongd@cnbc.com,Male,2255,146.31.157.146
591,Hailey,Nanson,hnansonge@redcross.org,Male,8643,132.151.71.177
592,Renata,Ghione,rghionegf@apache.org,Female,4519,134.142.123.160
593,Ole,Ringe,oringegg@sogou.com,Male,0434,81.197.27.19
594,Hetti,Amsden,hamsdengh@berkeley.edu,Female,9279,161.114.95.246
595,Edyth,Ellett,eellettgi@uiuc.edu,Female,1629,3.5.187.180
596,Georgy,Dudden,gduddengj@pagesperso-orange.fr,Male,5991,148.218.221.175
597,Noami,Baxstair,nbaxstairgk@mapy.cz,Female,5650,82.217.136.242
598,Sherm,Woan,swoangl@facebook.com,Male,2408,108.29.110.153
599,Sheffield,Losty,slostygm@cafepress.com,Male,7590,190.124.92.152
600,Nikoletta,O'Crevan,nocrevangn@g.co,Female,6405,44.244.14.111
601,Justino,Fawley,jfawleygo@utexas.edu,Male,8589,59.132.32.221
602,Chadd,Danko,cdankogp@google.com,Male,0175,206.159.118.18
603,Vina,Guilayn,vguilayngq@t.co,Female,5795,231.214.155.162
604,Kristos,Kofax,kkofaxgr@bravesites.com,Male,2197,234.120.124.154
605,Maryjane,Kiln,mkilngs@ucsd.edu,Female,6779,110.88.68.221
606,Timoteo,Vannini,tvanninigt@msu.edu,Male,2969,65.132.109.109
607,Janice,Delue,jdeluegu@prlog.org,Female,2205,240.46.220.31
608,Dalli,Elliman,dellimangv@sourceforge.net,Male,6035,4.78.56.253
609,Lindsy,Simondson,lsimondsongw@purevolume.com,Female,2811,5.31.134.55
610,Shelley,Wiersma,swiersmagx@accuweather.com,Male,8395,79.34.133.127
611,Eamon,Wortman,ewortmangy@usnews.com,Male,6660,192.185.241.204
612,Kasper,Leggate,kleggategz@timesonline.co.uk,Male,6403,237.114.7.226
613,Catina,Castelli,ccastellih0@soup.io,Female,0436,244.62.88.142
614,Tani,Wynn,twynnh1@hud.gov,Female,1779,37.95.9.29
615,Kendricks,Eckels,keckelsh2@jalbum.net,Male,6945,116.103.108.90
616,Deidre,MacFadzean,dmacfadzeanh3@dot.gov,Female,8220,215.10.204.162
617,Allina,Filasov,afilasovh4@moonfruit.com,Female,6642,70.243.154.139
618,Ardelia,Leadbitter,aleadbitterh5@altervista.org,Female,1704,139.106.70.14
619,Wat,Beardsworth,wbeardsworthh6@meetup.com,Male,8948,101.75.150.136
620,Rona,Melly,rmellyh7@cdbaby.com,Female,6505,253.245.161.227
621,Goober,Sigart,gsigarth8@howstuffworks.com,Male,9304,51.98.146.159
622,Farrell,Haborn,fhabornh9@netscape.com,Male,8406,97.22.159.252
623,Vallie,Caseborne,vcaseborneha@geocities.jp,Female,5549,44.148.171.250
624,Morlee,Ramme,mrammehb@nature.com,Male,7495,141.221.84.252
625,Hesther,Walicki,hwalickihc@w3.org,Female,9905,231.177.181.140
626,Neddie,Brittoner,nbrittonerhd@1und1.de,Male,0453,13.115.186.12
627,Nicolais,Satcher,nsatcherhe@plala.or.jp,Male,1531,249.195.72.248
628,Jacky,Oxtoby,joxtobyhf@nydailynews.com,Female,5019,31.235.215.159
629,Hunfredo,Melmoth,hmelmothhg@list-manage.com,Male,2665,32.40.7.59
630,Ellery,Batts,ebattshh@nhs.uk,Male,9449,38.101.226.169
631,Lesli,Attack,lattackhi@barnesandnoble.com,Female,6799,158.157.60.99
632,Carmelle,Kirvell,ckirvellhj@unc.edu,Female,7300,159.108.86.135
633,Pepillo,Sibbit,psibbithk@economist.com,Male,5370,150.86.98.232
634,Jeramie,Sheara,jshearahl@google.com.hk,Male,1084,157.66.96.216
635,Luisa,Dibbin,ldibbinhm@technorati.com,Female,3702,125.174.62.193
636,Melisande,Gerrels,mgerrelshn@kickstarter.com,Female,3580,136.74.7.59
637,Drucy,Sleaford,dsleafordho@example.com,Female,2471,165.97.209.17
638,Amos,Weldrake,aweldrakehp@ezinearticles.com,Male,3197,210.164.97.88
639,Breena,Westwell,bwestwellhq@bandcamp.com,Female,4877,22.134.109.132
640,Gal,Caulliere,gcaullierehr@npr.org,Male,9249,144.23.144.187
641,Francesca,Benjafield,fbenjafieldhs@yelp.com,Female,6754,61.66.6.125
642,Kamila,Duiged,kduigedht@ow.ly,Female,9688,53.121.54.92
643,Brietta,Licciardo,blicciardohu@google.com.hk,Female,1168,102.108.101.119
644,Geri,Imos,gimoshv@printfriendly.com,Female,7767,202.204.69.173
645,Ruddie,Seger,rsegerhw@sogou.com,Male,8266,194.4.69.117
646,Arte,Gamwell,agamwellhx@devhub.com,Male,5361,81.100.254.214
647,Case,McLaughlin,cmclaughlinhy@ca.gov,Male,9881,198.237.62.124
648,Davy,Etuck,detuckhz@usa.gov,Male,6928,105.168.192.66
649,Joanna,Tolomelli,jtolomellii0@angelfire.com,Female,2824,182.189.232.232
650,Kassia,Pottiphar,kpottiphari1@chicagotribune.com,Female,7116,118.218.182.189
651,Gareth,Edgars,gedgarsi2@webs.com,Male,6610,149.212.169.242
652,Kandy,Howship,khowshipi3@narod.ru,Female,0637,8.188.89.150
653,Salomone,Dewen,sdeweni4@discovery.com,Male,3195,5.247.58.47
654,Daveen,Twatt,dtwatti5@imdb.com,Female,1689,178.55.23.102
655,Zolly,Barca,zbarcai6@google.com.br,Male,4411,103.33.95.83
656,Jobyna,Jirus,jjirusi7@soundcloud.com,Female,3197,198.194.154.251
657,Adi,Brumhead,abrumheadi8@hud.gov,Female,2737,73.142.93.221
658,Frederik,Olifard,folifardi9@mysql.com,Male,4644,73.16.247.91
659,Kasper,Tomblings,ktomblingsia@ca.gov,Male,0992,173.30.86.110
660,Corenda,Klimecki,cklimeckiib@google.cn,Female,3786,91.235.208.5
661,Reidar,Paulack,rpaulackic@ibm.com,Male,7109,176.193.138.45
662,Baron,Smallcombe,bsmallcombeid@virginia.edu,Male,5089,250.107.198.146
663,Nannette,Morfett,nmorfettie@webmd.com,Female,6454,98.103.215.128
664,Kenton,Nannetti,knannettiif@boston.com,Male,8165,146.57.118.240
665,Coralie,Clowser,cclowserig@about.me,Female,6874,251.156.164.57
666,Barney,Mullan,bmullanih@sakura.ne.jp,Male,2221,134.17.141.88
667,Cobbie,Learmouth,clearmouthii@epa.gov,Male,1909,176.21.102.46
668,Nadya,Shurman,nshurmanij@lycos.com,Female,6829,139.158.225.245
669,Emerson,McCrackem,emccrackemik@dropbox.com,Male,9121,38.139.222.173
670,Tanhya,Pollington,tpollingtonil@qq.com,Female,3826,35.252.150.84
671,Licha,Rove,lroveim@wordpress.org,Female,2496,138.252.202.254
672,Pietro,Futter,pfutterin@ucla.edu,Male,1405,99.96.247.186
673,Candida,Hughes,chughesio@live.com,Female,7131,189.248.223.2
674,Steffane,Keyworth,skeyworthip@pagesperso-orange.fr,Female,1907,63.82.211.12
675,Gale,Larkworthy,glarkworthyiq@vk.com,Female,7406,69.115.230.198
676,Kati,Cavie,kcavieir@unicef.org,Female,2299,23.131.6.200
677,Midge,Crebott,mcrebottis@merriam-webster.com,Female,6696,180.126.47.154
678,Starlene,Arnull,sarnullit@jigsy.com,Female,8954,71.152.222.34
679,Joaquin,Leadston,jleadstoniu@google.pl,Male,5323,168.96.247.44
680,Nikkie,Pellew,npellewiv@alibaba.com,Female,4900,79.165.158.86
681,Erin,Swainsbury,eswainsburyiw@wufoo.com,Male,1974,111.249.111.45
682,Gunther,Dahlborg,gdahlborgix@state.gov,Male,5436,91.169.109.135
683,Arman,Dearman,adearmaniy@liveinternet.ru,Male,8609,16.101.40.131
684,Gardie,Borkin,gborkiniz@ftc.gov,Male,2018,236.141.241.57
685,Saxon,Wilding,swildingj0@dion.ne.jp,Male,8874,142.19.129.37
686,Stephannie,Cowterd,scowterdj1@lulu.com,Female,4309,203.212.21.134
687,Isobel,Billin,ibillinj2@phpbb.com,Female,2483,41.243.52.95
688,Riki,Brettle,rbrettlej3@pen.io,Female,3181,171.185.150.72
689,Corri,Screeton,cscreetonj4@yellowbook.com,Female,2591,115.191.63.220
690,Jasmine,Huntingdon,jhuntingdonj5@nature.com,Female,4060,186.66.52.105
691,Leontyne,Pencott,lpencottj6@chron.com,Female,1191,52.18.47.171
692,Dorolisa,Tranfield,dtranfieldj7@edublogs.org,Female,8074,99.245.243.166
693,Gipsy,Issacov,gissacovj8@gravatar.com,Female,5605,127.196.245.183
694,Wally,Giacobbo,wgiacobboj9@icq.com,Female,1045,228.184.133.184
695,Margalit,Brouard,mbrouardja@jugem.jp,Female,2987,37.121.246.163
696,Arlinda,Treharne,atreharnejb@so-net.ne.jp,Female,4959,29.176.183.77
697,Horst,Crackel,hcrackeljc@apache.org,Male,9283,217.205.61.20
698,Helen-elizabeth,Bortolozzi,hbortolozzijd@sciencedaily.com,Female,4389,147.168.24.41
699,Lindsay,Kytter,lkytterje@archive.org,Female,8788,44.149.237.12
700,Clevey,Peller,cpellerjf@instagram.com,Male,6118,102.135.207.239
701,Emmett,Miere,emierejg@shop-pro.jp,Male,1954,159.152.161.85
702,Brigid,Surman,bsurmanjh@ustream.tv,Female,4350,210.207.44.98
703,Valerye,Fryett,vfryettji@java.com,Female,9973,50.157.255.10
704,Dwayne,Synan,dsynanjj@about.com,Male,4666,67.57.80.27
705,Clyve,Scud,cscudjk@unicef.org,Male,5991,98.207.58.254
706,Tonye,Gravie,tgraviejl@admin.ch,Female,9009,105.241.184.134
707,Bernette,Shillitoe,bshillitoejm@t.co,Female,2410,229.111.162.18
708,Willabella,Brameld,wbrameldjn@histats.com,Female,4815,32.175.40.7
709,Jaine,Cordeau],jcordeaujo@usatoday.com,Female,1938,94.21.134.222
710,Temp,Twitchett,ttwitchettjp@weibo.com,Male,9813,29.163.249.25
711,Omar,Surby,osurbyjq@miibeian.gov.cn,Male,8672,17.132.62.54
712,Mischa,Destouche,mdestouchejr@vkontakte.ru,Male,9400,106.172.179.86
713,Artur,O'Day,aodayjs@discovery.com,Male,9818,21.23.183.79
714,Dotty,Pardal,dpardaljt@cargocollective.com,Female,1420,80.77.63.186
715,Claretta,Raft,craftju@businesswire.com,Female,4924,238.58.211.255
716,Taylor,Rawlin,trawlinjv@edublogs.org,Male,4487,115.211.187.55
717,Rorie,Bandt,rbandtjw@printfriendly.com,Female,4456,227.183.13.84
718,Patty,Juleff,pjuleffjx@thetimes.co.uk,Female,0643,31.73.110.140
719,Frederic,Sayes,fsayesjy@wunderground.com,Male,1879,12.91.135.249
720,Abie,Bernth,abernthjz@wufoo.com,Male,8510,125.217.32.160
721,Salvidor,Haquin,shaquink0@google.cn,Male,6880,16.81.28.56
722,Cullan,McTerlagh,cmcterlaghk1@google.co.uk,Male,5215,227.131.137.243
723,Adriane,Lovie,aloviek2@yellowpages.com,Female,2165,173.200.21.10
724,Fairfax,Gainsborough,fgainsboroughk3@unesco.org,Male,8685,252.185.177.28
725,Billie,Limbert,blimbertk4@vimeo.com,Female,0182,244.128.98.19
726,Aluino,Gilders,agildersk5@creativecommons.org,Male,2886,158.61.195.124
727,Crista,Bickle,cbicklek6@newyorker.com,Female,4000,71.3.248.122
728,Biddy,Eric,berick7@smh.com.au,Female,5404,84.240.102.141
729,Kylila,Marcombe,kmarcombek8@photobucket.com,Female,9288,110.234.10.59
730,Franzen,Idenden,fidendenk9@sfgate.com,Male,6666,68.196.118.135
731,Sam,Burtt,sburttka@barnesandnoble.com,Male,1500,221.61.2.61
732,Virge,O'Keefe,vokeefekb@sakura.ne.jp,Male,8590,182.70.220.234
733,Tiffany,Daley,tdaleykc@constantcontact.com,Female,5004,133.173.219.207
734,Pancho,Trehearn,ptrehearnkd@stumbleupon.com,Male,1601,134.182.95.133
735,Neel,Gaskill,ngaskillke@topsy.com,Male,5363,43.55.57.71
736,Nil,Mawne,nmawnekf@army.mil,Male,7346,216.108.86.226
737,Cammy,Ayer,cayerkg@wisc.edu,Female,1998,43.79.191.138
738,Andreas,Thornton,athorntonkh@amazonaws.com,Male,7950,207.118.102.100
739,Darbie,McKibbin,dmckibbinki@ameblo.jp,Female,0904,51.191.254.83
740,Amye,Houltham,ahoulthamkj@deviantart.com,Female,3972,98.15.224.181
741,Queenie,Gladebeck,qgladebeckkk@pagesperso-orange.fr,Female,4852,68.144.140.106
742,Randolf,Maior,rmaiorkl@utexas.edu,Male,5769,190.88.51.179
743,Constantine,Ellershaw,cellershawkm@blogtalkradio.com,Male,9787,97.0.166.235
744,John,Machan,jmachankn@xrea.com,Male,2661,52.153.23.120
745,Quentin,Luchetti,qluchettiko@who.int,Female,6746,122.240.151.219
746,Mignon,Goodley,mgoodleykp@github.io,Female,3464,78.9.243.96
747,Dalenna,Park,dparkkq@gnu.org,Female,5024,81.87.183.211
748,Lincoln,Newcomb,lnewcombkr@timesonline.co.uk,Male,3555,138.67.12.63
749,Rozalie,Beekman,rbeekmanks@earthlink.net,Female,5264,245.191.245.197
750,Norrie,Opie,nopiekt@domainmarket.com,Female,9688,253.209.241.217
751,Garik,Bennington,gbenningtonku@ifeng.com,Male,7610,201.98.241.80
752,Dicky,Bischop,dbischopkv@usatoday.com,Male,1983,62.161.215.78
753,Nadia,Treweela,ntreweelakw@biblegateway.com,Female,5482,102.164.91.30
754,Garvin,Daburn,gdaburnkx@1und1.de,Male,7753,251.217.50.247
755,Rochester,Stading,rstadingky@yolasite.com,Male,7578,220.117.199.185
756,Conan,Tripcony,ctripconykz@nyu.edu,Male,3548,150.87.143.243
757,Jenilee,Constable,jconstablel0@cbsnews.com,Female,7538,68.6.185.62
758,Ivy,Geillier,igeillierl1@google.es,Female,6502,164.87.128.110
759,Alexandra,Duffet,aduffetl2@thetimes.co.uk,Female,9303,192.81.96.185
760,Kamilah,Nurny,knurnyl3@ameblo.jp,Female,1843,64.179.135.153
761,Margi,Munks,mmunksl4@ning.com,Female,8799,170.238.219.139
762,Ivy,Botterman,ibottermanl5@paypal.com,Female,5939,8.134.109.157
763,Estelle,Rippen,erippenl6@elegantthemes.com,Female,4117,57.192.197.101
764,Giffard,McKeaveney,gmckeaveneyl7@senate.gov,Male,3249,158.165.159.135
765,Erny,Sandom,esandoml8@seattletimes.com,Male,4319,70.14.85.32
766,Mari,Nyland,mnylandl9@nasa.gov,Female,8724,120.143.52.105
767,Conway,Bithell,cbithellla@deviantart.com,Male,3817,218.97.34.115
768,Nolan,Roseman,nrosemanlb@macromedia.com,Male,1628,158.230.16.202
769,Auguste,Colbridge,acolbridgelc@gizmodo.com,Female,6995,129.124.0.251
770,Austina,McCalum,amccalumld@issuu.com,Female,2399,73.20.152.211
771,Heath,Hauxby,hhauxbyle@soundcloud.com,Female,1863,48.226.42.99
772,Pierette,Pithcock,ppithcocklf@ibm.com,Female,1442,231.149.238.39
773,Marco,Foggarty,mfoggartylg@livejournal.com,Male,1537,178.4.226.233
774,Gwenneth,Holdforth,gholdforthlh@hibu.com,Female,6205,76.38.5.94
775,Jareb,Cess,jcessli@rambler.ru,Male,2843,237.117.11.33
776,Rosanna,Brobeck,rbrobecklj@nih.gov,Female,9236,42.134.51.212
777,Brinn,Hessing,bhessinglk@yolasite.com,Female,3032,205.157.145.107
778,Lloyd,Le Marquand,llemarquandll@soup.io,Male,5454,225.236.243.161
779,Maryjo,Marioneau,mmarioneaulm@blogger.com,Female,6540,186.179.146.213
780,Marlene,Sieur,msieurln@reddit.com,Female,2493,79.3.122.74
781,Althea,Ambage,aambagelo@theglobeandmail.com,Female,8106,107.51.226.255
782,Justine,Borth,jborthlp@joomla.org,Female,8210,3.0.237.186
783,Budd,Ruske,bruskelq@telegraph.co.uk,Male,0465,38.59.79.81
784,Coletta,Beattie,cbeattielr@infoseek.co.jp,Female,4239,8.79.192.98
785,Haslett,Banbrigge,hbanbriggels@deviantart.com,Male,8914,177.104.25.137
786,Harriott,Fullbrook,hfullbrooklt@skype.com,Female,7061,143.9.232.82
787,Abby,Bullivant,abullivantlu@exblog.jp,Female,2835,27.225.203.252
788,Laina,Briat,lbriatlv@kickstarter.com,Female,1659,174.61.214.203
789,Deidre,Alenikov,dalenikovlw@creativecommons.org,Female,9607,17.145.136.212
790,Doloritas,Ragless,draglesslx@opensource.org,Female,4333,63.145.155.124
791,Morissa,Hackly,mhacklyly@nyu.edu,Female,3027,33.14.55.113
792,Armand,MacQuarrie,amacquarrielz@stumbleupon.com,Male,7760,96.119.220.187
793,Phylys,Driscoll,pdriscollm0@usatoday.com,Female,0727,140.213.10.122
794,Chloette,Clapison,cclapisonm1@liveinternet.ru,Female,1739,171.8.183.13
795,Culley,Longega,clongegam2@behance.net,Male,5022,164.5.108.54
796,Shellie,Chiverton,schivertonm3@harvard.edu,Female,3620,60.211.180.157
797,Gwenora,Font,gfontm4@yellowbook.com,Female,8554,79.145.129.33
798,Carree,Austick,caustickm5@yahoo.com,Female,8266,67.210.50.202
799,Vito,O'Hara,voharam6@bbc.co.uk,Male,3515,12.136.145.211
800,Franny,Baldinotti,fbaldinottim7@xinhuanet.com,Female,7055,23.159.13.206
801,Nestor,Owers,nowersm8@reddit.com,Male,3137,186.214.206.182
802,Vitia,Pascow,vpascowm9@gravatar.com,Female,3725,4.202.138.194
803,Dorris,Daggett,ddaggettma@dagondesign.com,Female,4704,125.92.217.252
804,Gabbie,Wrates,gwratesmb@ca.gov,Female,5314,221.194.158.141
805,Ester,Bernaldo,ebernaldomc@cloudflare.com,Female,3491,39.94.182.207
806,Emelyne,Boddington,eboddingtonmd@nytimes.com,Female,5043,108.195.224.25
807,Jody,Vivians,jviviansme@4shared.com,Female,2997,30.190.84.51
808,John,Stoneham,jstonehammf@goodreads.com,Male,9317,216.156.133.124
809,Preston,Wainscoat,pwainscoatmg@rakuten.co.jp,Male,1987,110.69.70.202
810,Danyelle,Loblie,dlobliemh@printfriendly.com,Female,5363,66.242.147.222
811,Kakalina,Tasseler,ktasselermi@simplemachines.org,Female,8496,145.34.115.228
812,Linell,Saltern,lsalternmj@toplist.cz,Female,2787,73.132.27.45
813,Celesta,Carillo,ccarillomk@ucoz.com,Female,8573,211.209.159.90
814,Warde,Snelgrove,wsnelgroveml@sun.com,Male,0234,156.69.146.151
815,Elicia,Fratson,efratsonmm@who.int,Female,6395,75.36.134.117
816,Margaretta,Champ,mchampmn@geocities.jp,Female,5453,65.96.34.229
817,Dolorita,Dominighi,ddominighimo@purevolume.com,Female,7391,104.194.236.43
818,Hetti,Lapree,hlapreemp@wufoo.com,Female,3422,252.135.201.194
819,Bradney,Moggan,bmogganmq@paginegialle.it,Male,4532,43.219.88.175
820,Sissie,Songest,ssongestmr@newsvine.com,Female,9354,13.212.220.198
821,Sissy,Bergen,sbergenms@alexa.com,Female,2640,97.221.1.231
822,Alfreda,Ovenden,aovendenmt@nhs.uk,Female,6284,40.22.212.160
823,Brunhilde,Cullagh,bcullaghmu@ca.gov,Female,0446,75.5.95.217
824,Bald,Diemer,bdiemermv@accuweather.com,Male,8110,195.109.7.192
825,Even,Nitto,enittomw@xinhuanet.com,Male,3036,97.128.81.148
826,Lou,MacFadzean,lmacfadzeanmx@vkontakte.ru,Male,5831,158.121.138.95
827,Kaitlyn,Bilovus,kbilovusmy@booking.com,Female,7848,201.99.124.142
828,Pat,Donnachie,pdonnachiemz@blogger.com,Female,8652,85.37.158.215
829,Kali,Mordacai,kmordacain0@netvibes.com,Female,0226,225.252.61.48
830,Lenard,Dilleway,ldillewayn1@virginia.edu,Male,4979,235.10.143.107
831,Nanette,Casterot,ncasterotn2@theguardian.com,Female,9004,182.183.98.175
832,Michelle,Tolputt,mtolputtn3@ucsd.edu,Female,9947,223.131.69.165
833,Lyndsay,Vigers,lvigersn4@timesonline.co.uk,Female,6645,171.134.131.26
834,Lurette,Disbrow,ldisbrown5@unesco.org,Female,9714,27.33.175.131
835,Melita,Phair,mphairn6@qq.com,Female,4327,23.35.3.24
836,Edythe,Calkin,ecalkinn7@twitter.com,Female,1852,50.85.190.45
837,Alyosha,Denys,adenysn8@privacy.gov.au,Male,7444,126.182.170.253
838,Myca,Brasted,mbrastedn9@hibu.com,Male,3167,47.195.254.233
839,Isac,Haily,ihailyna@techcrunch.com,Male,7275,76.98.74.235
840,Wat,Oaten,woatennb@i2i.jp,Male,0404,247.22.89.80
841,Darrelle,Kilfedder,dkilfeddernc@paginegialle.it,Female,1527,168.118.52.237
842,Rusty,Pasek,rpaseknd@about.me,Male,6740,117.178.24.155
843,Conrado,Cousans,ccousansne@patch.com,Male,2592,136.238.238.58
844,Dwight,Halfhead,dhalfheadnf@wp.com,Male,5554,4.167.160.223
845,Selene,Cordery,scorderyng@yandex.ru,Female,0937,115.99.110.9
846,Forrest,Simecek,fsimeceknh@studiopress.com,Male,1829,192.82.241.36
847,Agosto,Jullian,ajullianni@youtu.be,Male,7594,36.106.126.79
848,Ermina,Cordingly,ecordinglynj@answers.com,Female,5752,174.225.150.47
849,Heda,McCallum,hmccallumnk@cbc.ca,Female,1452,33.75.159.188
850,Drona,Osbaldstone,dosbaldstonenl@biblegateway.com,Female,5628,230.15.188.25
851,Wini,Savatier,wsavatiernm@marketwatch.com,Female,3844,148.185.158.78
852,Tyson,Blacktin,tblacktinnn@cloudflare.com,Male,1091,66.42.162.85
853,Angie,Surgison,asurgisonno@samsung.com,Male,7530,117.24.168.195
854,Itch,Bloomfield,ibloomfieldnp@parallels.com,Male,8950,78.204.111.56
855,Ulick,Ashpole,uashpolenq@wordpress.org,Male,7325,42.213.189.18
856,Angelico,Bart,abartnr@wikispaces.com,Male,2961,109.16.200.184
857,Oneida,Lattie,olattiens@amazon.co.uk,Female,0150,220.47.53.132
858,Toddie,Tees,tteesnt@washingtonpost.com,Male,5780,133.223.242.37
859,Sal,Jollands,sjollandsnu@freewebs.com,Male,1243,149.246.223.198
860,Filberto,Keach,fkeachnv@ycombinator.com,Male,2844,112.5.182.97
861,Karlen,Tonkes,ktonkesnw@lycos.com,Female,6949,77.18.22.117
862,Sollie,McCurdy,smccurdynx@wikispaces.com,Male,7614,52.160.55.65
863,Barnabas,Whitfeld,bwhitfeldny@epa.gov,Male,1833,3.248.43.34
864,Merrick,Bonnette,mbonnettenz@123-reg.co.uk,Male,1426,1.101.54.127
865,Armand,Archbald,aarchbaldo0@weibo.com,Male,7388,22.170.219.131
866,Erinna,Harker,eharkero1@who.int,Female,8375,232.170.125.205
867,Bax,Tivolier,btivoliero2@fotki.com,Male,7712,105.155.179.31
868,Jaquenette,Hebdon,jhebdono3@oaic.gov.au,Female,3217,55.157.142.71
869,Massimo,Siggs,msiggso4@tuttocitta.it,Male,2736,167.124.138.182
870,King,Krahl,kkrahlo5@networksolutions.com,Male,6212,239.218.25.178
871,Donn,Corton,dcortono6@com.com,Male,3591,69.127.155.32
872,Anne-marie,Oliphard,aoliphardo7@nature.com,Female,1217,116.116.106.164
873,Prentiss,Sullly,psulllyo8@oracle.com,Male,9864,22.187.150.113
874,Gherardo,Ellcome,gellcomeo9@digg.com,Male,8553,83.223.59.107
875,Vida,Blincko,vblinckooa@netvibes.com,Female,8231,24.218.222.65
876,Thomasina,Faier,tfaierob@goodreads.com,Female,8054,207.102.201.36
877,Lynnea,Godart,lgodartoc@4shared.com,Female,7704,215.26.121.21
878,Mariquilla,Wortley,mwortleyod@chronoengine.com,Female,8857,55.67.187.152
879,Orly,Rustidge,orustidgeoe@google.com.br,Female,9499,119.108.185.163
880,Micky,Verissimo,mverissimoof@hhs.gov,Male,7527,70.59.101.53
881,Skippy,Teall,steallog@smugmug.com,Male,5940,224.120.206.153
882,Ruben,Ferrarese,rferrareseoh@cpanel.net,Male,7887,213.52.210.223
883,Arluene,Ruby,arubyoi@angelfire.com,Female,6669,228.233.139.128
884,Skipton,Piquard,spiquardoj@tumblr.com,Male,6806,149.205.35.128
885,Peta,Cossons,pcossonsok@nih.gov,Female,5769,94.4.98.245
886,Florinda,Behling,fbehlingol@usda.gov,Female,6612,185.44.89.104
887,Lenard,Gors,lgorsom@nature.com,Male,8428,76.97.85.215
888,Lars,Guise,lguiseon@sun.com,Male,0052,125.29.109.84
889,Barnabe,Madge,bmadgeoo@yahoo.co.jp,Male,7815,174.241.163.74
890,Carole,Kirgan,ckirganop@oakley.com,Female,7774,223.137.54.46
891,Bobby,Lissandre,blissandreoq@google.com.br,Female,6675,192.243.200.8
892,Fiann,Fiveash,ffiveashor@drupal.org,Female,0008,64.148.185.206
893,Quinlan,Roddam,qroddamos@nydailynews.com,Male,7912,233.187.61.238
894,Sheppard,Rennick,srennickot@vinaora.com,Male,1770,234.154.89.109
895,Alan,Paddie,apaddieou@jalbum.net,Male,8080,82.131.162.64
896,Janie,Gueste,jguesteov@ted.com,Female,1258,9.100.86.104
897,Nert,Gitting,ngittingow@mit.edu,Female,9901,211.36.52.90
898,Danie,Swatman,dswatmanox@eventbrite.com,Male,4598,13.68.207.227
899,Adolphus,Holson,aholsonoy@mediafire.com,Male,6408,244.100.166.130
900,Colene,Kittow,ckittowoz@tripadvisor.com,Female,9471,56.168.210.205
901,Waring,Waren,wwarenp0@wired.com,Male,7686,8.245.131.59
902,Marla,Axup,maxupp1@google.co.jp,Female,0180,192.202.145.60
903,Charlene,Hymus,chymusp2@woothemes.com,Female,1331,212.200.171.175
904,Curcio,Gennings,cgenningsp3@technorati.com,Male,4409,115.50.6.74
905,Inger,Zamora,izamorap4@skype.com,Male,6747,230.100.58.244
906,Derry,Menguy,dmenguyp5@livejournal.com,Male,6687,103.90.191.34
907,Avictor,Froom,afroomp6@a8.net,Male,1288,87.205.182.76
908,Heath,Bartlomieczak,hbartlomieczakp7@ycombinator.com,Male,7746,89.204.111.184
909,Horacio,Lovart,hlovartp8@shinystat.com,Male,5930,128.131.211.168
910,Dare,Skerrett,dskerrettp9@twitter.com,Male,2518,69.151.175.151
911,Matilde,Gooderson,mgoodersonpa@geocities.jp,Female,6659,251.152.249.37
912,Elyn,Grimditch,egrimditchpb@miitbeian.gov.cn,Female,4411,69.4.64.208
913,Enrica,Hawney,ehawneypc@army.mil,Female,2583,194.212.97.84
914,Nadya,Ashelford,nashelfordpd@ask.com,Female,7055,30.199.31.14
915,Andree,Jojic,ajojicpe@yahoo.co.jp,Female,3917,171.71.91.217
916,Trefor,Woolacott,twoolacottpf@xing.com,Male,0670,255.90.7.50
917,Daphne,Tammadge,dtammadgepg@privacy.gov.au,Female,1191,233.181.183.105
918,Barn,Carlyon,bcarlyonph@nhs.uk,Male,8282,71.167.189.28
919,Doyle,Boss,dbosspi@vimeo.com,Male,8969,238.109.250.131
920,Hermy,Hartley,hhartleypj@sina.com.cn,Male,1680,88.62.195.10
921,Wynnie,Jepps,wjeppspk@slate.com,Female,0308,126.224.141.71
922,Lilia,Sturte,lsturtepl@aboutads.info,Female,9746,171.78.42.37
923,Mattias,Bockh,mbockhpm@shutterfly.com,Male,0897,252.221.75.71
924,Lars,De Vaar,ldevaarpn@cafepress.com,Male,1044,59.162.198.216
925,Raleigh,McColl,rmccollpo@cnbc.com,Male,8959,241.201.29.58
926,Rosanne,Burgett,rburgettpp@craigslist.org,Female,6374,173.185.198.186
927,Cullan,Van de Castele,cvandecastelepq@pagesperso-orange.fr,Male,6394,226.125.216.47
928,Rickie,Bushell,rbushellpr@cnet.com,Female,5874,242.53.118.96
929,Valery,Castleman,vcastlemanps@icio.us,Female,3741,183.207.44.228
930,Whitney,Dunlap,wdunlappt@icio.us,Male,7622,248.74.30.38
931,Rouvin,Theze,rthezepu@dion.ne.jp,Male,0636,221.249.208.76
932,Early,Ferentz,eferentzpv@phpbb.com,Male,3043,135.142.153.144
933,Karna,Borsay,kborsaypw@photobucket.com,Female,2552,7.158.11.254
934,Elset,Woollhead,ewoollheadpx@symantec.com,Female,2792,100.224.205.180
935,Gregoor,Wolford,gwolfordpy@cnet.com,Male,5396,245.245.179.230
936,Hugo,Mallia,hmalliapz@zdnet.com,Male,9575,252.131.252.191
937,Christophe,Ellph,cellphq0@tripadvisor.com,Male,0277,46.118.65.185
938,Caryn,Stickel,cstickelq1@pcworld.com,Female,6062,171.18.20.243
939,Dorella,Tuson,dtusonq2@wunderground.com,Female,0705,200.70.129.183
940,Mellisa,Wallege,mwallegeq3@redcross.org,Female,7590,242.106.64.185
941,Tabbitha,Jaskiewicz,tjaskiewiczq4@oaic.gov.au,Female,1270,6.31.80.203
942,Loise,Bewly,lbewlyq5@pbs.org,Female,7781,175.246.133.244
943,Virgie,Grim,vgrimq6@nyu.edu,Female,3910,109.232.214.241
944,Isaac,Blincowe,iblincoweq7@pagesperso-orange.fr,Male,8994,187.170.170.201
945,Bernie,Bertomier,bbertomierq8@symantec.com,Male,2691,215.143.173.177
946,Adelind,Phebey,aphebeyq9@oaic.gov.au,Female,7410,167.152.182.83
947,Merv,Pavlata,mpavlataqa@cornell.edu,Male,9216,162.120.165.245
948,Sunny,Hilland,shillandqb@ovh.net,Male,4233,169.29.160.130
949,Dene,Matyasik,dmatyasikqc@technorati.com,Male,1171,244.221.174.194
950,Vasilis,Johanchon,vjohanchonqd@exblog.jp,Male,0782,57.177.167.192
951,Betta,Rospars,brosparsqe@japanpost.jp,Female,0423,196.51.170.192
952,Nicole,Betjes,nbetjesqf@japanpost.jp,Female,8723,213.241.96.138
953,Alexine,Jans,ajansqg@apple.com,Female,2682,235.2.207.113
954,Jemimah,Pettingall,jpettingallqh@amazon.de,Female,1097,9.132.227.168
955,Torre,Allcroft,tallcroftqi@sourceforge.net,Male,1603,63.27.123.134
956,Danica,Roebottom,droebottomqj@so-net.ne.jp,Female,7269,180.169.133.91
957,Demetrius,Ceely,dceelyqk@forbes.com,Male,1568,252.152.201.50
958,Giacomo,Bracken,gbrackenql@mapquest.com,Male,4129,158.54.35.1
959,Tricia,Cereceres,tcereceresqm@gnu.org,Female,1577,0.152.135.157
960,Zeke,Germon,zgermonqn@shutterfly.com,Male,9542,83.83.0.18
961,Ario,Nottingham,anottinghamqo@1688.com,Male,6089,148.225.84.113
962,Lazare,Langan,llanganqp@cdc.gov,Male,2442,82.42.250.103
963,Arvie,Hizir,ahizirqq@desdev.cn,Male,6839,234.115.125.79
964,Constanta,Filippone,cfilipponeqr@sakura.ne.jp,Female,5751,198.193.239.177
965,Tobye,Weine,tweineqs@marketwatch.com,Female,8330,86.75.180.119
966,Jamison,Runnicles,jrunniclesqt@webs.com,Male,6340,149.107.240.247
967,Rosella,Coleman,rcolemanqu@joomla.org,Female,9922,159.253.3.202
968,Isidore,Handes,ihandesqv@bizjournals.com,Male,5538,202.175.92.112
969,Julieta,Dy,jdyqw@bloomberg.com,Female,0321,191.4.77.143
970,Sigismond,Cluelow,scluelowqx@facebook.com,Male,7769,223.226.38.121
971,Renaldo,Doding,rdodingqy@patch.com,Male,7181,9.204.249.36
972,Johnath,Adamovitz,jadamovitzqz@timesonline.co.uk,Female,6292,165.39.146.245
973,Lilian,Bocock,lbocockr0@pen.io,Female,7569,181.75.70.105
974,Oberon,Darbey,odarbeyr1@google.co.uk,Male,4260,78.67.92.161
975,Katine,Dorber,kdorberr2@eepurl.com,Female,6340,229.9.50.187
976,Lela,Cattrell,lcattrellr3@furl.net,Female,5697,147.215.185.164
977,Gunilla,Tittershill,gtittershillr4@pen.io,Female,6057,143.197.120.0
978,Kalvin,Minero,kmineror5@bluehost.com,Male,2867,41.9.156.83
979,Basilio,O' Quirk,boquirkr6@ftc.gov,Male,4816,173.162.73.35
980,Olwen,Casement,ocasementr7@chicagotribune.com,Female,8768,38.114.197.20
981,Kaitlin,Hulbert,khulbertr8@studiopress.com,Female,0131,112.151.246.201
982,Fredrick,Reyburn,freyburnr9@live.com,Male,3733,51.91.83.93
983,Ebeneser,Degoix,edegoixra@msu.edu,Male,0786,197.230.75.226
984,Selinda,Merrikin,smerrikinrb@usda.gov,Female,5063,108.143.101.183
985,Jsandye,Troop,jtrooprc@nasa.gov,Female,8501,224.91.74.244
986,Jammal,Royds,jroydsrd@springer.com,Male,7727,164.223.230.65
987,Rouvin,Rymer,rrymerre@dyndns.org,Male,6050,165.243.128.107
988,Brynna,Todd,btoddrf@reuters.com,Female,2890,106.17.94.244
989,Lisbeth,Dillamore,ldillamorerg@twitter.com,Female,9860,233.147.119.210
990,Mirabella,Bountiff,mbountiffrh@seesaa.net,Female,3040,0.193.7.226
991,Ray,Hovie,rhovieri@pbs.org,Male,0178,135.9.245.160
992,Worthington,Duthie,wduthierj@pinterest.com,Male,1178,235.115.60.80
993,Jules,Keller,jkellerrk@yelp.com,Male,7165,4.128.74.3
994,Gustavus,Ourtic,gourticrl@trellian.com,Male,5192,26.159.244.248
995,Mart,Teck,mteckrm@vimeo.com,Male,7016,132.93.73.208
996,Padriac,Chalke,pchalkern@cornell.edu,Male,2587,173.53.143.150
997,Erroll,Abrahart,eabrahartro@mashable.com,Male,6055,247.79.184.234
998,Kacie,Standley,kstandleyrp@ca.gov,Female,9290,17.223.66.254
999,Sanderson,Coggles,scogglesrq@mapquest.com,Male,1608,110.3.132.133
1000,Warde,Cereceres,wcereceresrr@zimbio.com,Male,6909,205.65.123.196
